https://ds1.nl/c/?si=35&li=11507&wi=303581&ws=&dl=,drogisterij.net
https://ds1.nl/c/?si=73&li=11545&wi=303581&ws=&dl=,happyhome.nl
https://ds1.nl/c/?si=129&li=11601&wi=303581&ws=&dl=,123tijdschrift.nl
https://ds1.nl/c/?si=164&li=11636&wi=303581&ws=&dl=,manymorestores.com
https://ds1.nl/c/?si=203&li=11675&wi=303581&ws=&dl=,lacasita.com
https://ds1.nl/c/?si=215&li=11687&wi=303581&ws=&dl=,nationaletijdschriftenbon.nl
https://ds1.nl/c/?si=260&li=13685&wi=303581&ws=&dl=,knuffelparadijs.nl
https://ds1.nl/c/?si=276&li=13915&wi=303581&ws=&dl=,ritel.nl
https://ds1.nl/c/?si=285&li=14623&wi=303581&ws=&dl=,nha.nl
https://ds1.nl/c/?si=323&li=16318&wi=303581&ws=&dl=,ponyparkcity.nl
https://ds1.nl/c/?si=333&li=16583&wi=303581&ws=&dl=,e-matching.nl
https://ds1.nl/c/?si=387&li=23293&wi=303581&ws=&dl=,opvakantievanafeindhoven.nl
https://ds1.nl/c/?si=389&li=23295&wi=303581&ws=&dl=,opvakantievanafrotterdam.nl
https://ds1.nl/c/?si=390&li=23296&wi=303581&ws=&dl=,opvakantievanafeelde.nl
https://ds1.nl/c/?si=447&li=26287&wi=303581&ws=&dl=,kamernet.nl
https://ds1.nl/c/?si=457&li=26628&wi=303581&ws=&dl=,parship.nl
https://ds1.nl/c/?si=461&li=26962&wi=303581&ws=&dl=,cardelmar.com
https://ds1.nl/c/?si=493&li=28421&wi=303581&ws=&dl=,nl.gay-parship.com
https://ds1.nl/c/?si=532&li=31833&wi=303581&ws=&dl=,be2.nl
https://ds1.nl/c/?si=653&li=38798&wi=303581&ws=&dl=,golfreizen.nu
https://ds1.nl/c/?si=688&li=40929&wi=303581&ws=&dl=,maxivillas.com
https://ds1.nl/c/?si=858&li=51048&wi=303581&ws=&dl=,simpel.nl
https://ds1.nl/c/?si=940&li=56261&wi=303581&ws=&dl=,newfigure.com
https://ds1.nl/c/?si=951&li=57956&wi=303581&ws=&dl=,suntip.nl
https://ds1.nl/c/?si=955&li=59255&wi=303581&ws=&dl=,datingeasy.nl
https://ds1.nl/c/?si=978&li=62965&wi=303581&ws=&dl=,trendy-hotels.nl
https://ds1.nl/c/?si=1204&li=76001&wi=303581&ws=&dl=,jambo.nl
https://ds1.nl/c/?si=1231&li=77652&wi=303581&ws=&dl=,nle.nl
https://ds1.nl/c/?si=1305&li=80616&wi=303581&ws=&dl=,doenkado.nl
https://ds1.nl/c/?si=1441&li=86251&wi=303581&ws=&dl=,office-deals.nl
https://ds1.nl/c/?si=1446&li=86699&wi=303581&ws=&dl=,freshlabelz.nl
https://ds1.nl/c/?si=1474&li=88693&wi=303581&ws=&dl=,tennisdirect.nl
https://ds1.nl/c/?si=1475&li=88694&wi=303581&ws=&dl=,voetbaldirect.nl
https://ds1.nl/c/?si=1504&li=90381&wi=303581&ws=&dl=,fitnessmerken.nl
https://ds1.nl/c/?si=1574&li=95251&wi=303581&ws=&dl=,eugrowshop.eu
https://ds1.nl/c/?si=1669&li=100693&wi=303581&ws=&dl=,sprookjescamping.nl
https://ds1.nl/c/?si=1708&li=102086&wi=303581&ws=&dl=,weetwiejedate.nl
https://ds1.nl/c/?si=1726&li=102730&wi=303581&ws=&dl=,oranje-artikelen-winkel.nl
https://ds1.nl/c/?si=1773&li=105565&wi=303581&ws=&dl=,eenvakantiehuisje.nl
https://ds1.nl/c/?si=1777&li=105569&wi=303581&ws=&dl=,vakantieveluwe.nl
https://ds1.nl/c/?si=2004&li=118358&wi=303581&ws=&dl=,verkleedkledingwinkel.nl
https://ds1.nl/c/?si=2006&li=118360&wi=303581&ws=&dl=,funenfeestwinkel.nl
https://ds1.nl/c/?si=2022&li=119184&wi=303581&ws=&dl=,partyshopper.be
https://ds1.nl/c/?si=2062&li=122118&wi=303581&ws=&dl=,beleefamerika.nl
https://ds1.nl/c/?si=2078&li=122974&wi=303581&ws=&dl=,vx.nl
https://ds1.nl/c/?si=2122&li=126624&wi=303581&ws=&dl=,zoweg.nl
https://ds1.nl/c/?si=2388&li=142940&wi=303581&ws=&dl=,de-speelgoedwinkel.nl
https://ds1.nl/c/?si=2446&li=144922&wi=303581&ws=&dl=,feestpruikenwinkel.nl
https://ds1.nl/c/?si=2770&li=158824&wi=303581&ws=&dl=,vijftigplusdating.nl
https://ds1.nl/c/?si=2830&li=161478&wi=303581&ws=&dl=,hotels.nl
https://ds1.nl/c/?si=2964&li=1110826&wi=303581&ws=&dl=,ondeugend-daten.nl
https://ds1.nl/c/?si=2967&li=1111007&wi=303581&ws=&dl=,tomtom.nl
https://ds1.nl/c/?si=2984&li=1112226&wi=303581&ws=&dl=,golftest.nl
https://ds1.nl/c/?si=3071&li=1132353&wi=303581&ws=&dl=,wildlands.nl
https://ds1.nl/c/?si=3316&li=1157092&wi=303581&ws=&dl=,5cc.nl
https://ds1.nl/c/?si=3366&li=1161224&wi=303581&ws=&dl=,plein.nl
https://ds1.nl/c/?si=3534&li=1172339&wi=303581&ws=&dl=,brandeal.nl
https://ds1.nl/c/?si=3758&li=1212732&wi=303581&ws=&dl=,vouchervandaag.nl
https://ds1.nl/c/?si=3770&li=1213688&wi=303581&ws=&dl=,subsidesports.nl
https://ds1.nl/c/?si=3792&li=1215428&wi=303581&ws=&dl=,no-ice.nl
https://ds1.nl/c/?si=3869&li=1219909&wi=303581&ws=&dl=,brandsupply.nl
https://ds1.nl/c/?si=4040&li=1233710&wi=303581&ws=&dl=,wandel-geest.nl
https://ds1.nl/c/?si=4042&li=1233712&wi=303581&ws=&dl=,tennis-geest.nl
https://ds1.nl/c/?si=4044&li=1233713&wi=303581&ws=&dl=,winter-geest.nl
https://ds1.nl/c/?si=4093&li=1235758&wi=303581&ws=&dl=,keukensduitsland.nl
https://ds1.nl/c/?si=5613&li=1258864&wi=303581&ws=&dl=,vanmourikschoenen.nl
https://ds1.nl/c/?si=5632&li=1263824&wi=303581&ws=&dl=,yumeko.nl
https://ds1.nl/c/?si=5638&li=1264350&wi=303581&ws=&dl=,lowlens.nl
https://ds1.nl/c/?si=5676&li=1266442&wi=303581&ws=&dl=,vitaminstore.nl
https://ds1.nl/c/?si=5734&li=1268236&wi=303581&ws=&dl=,worldwidecampers.com
https://ds1.nl/c/?si=5857&li=1272575&wi=303581&ws=&dl=,topsnowshop.nl
https://ds1.nl/c/?si=5897&li=1273901&wi=303581&ws=&dl=,iparts4u.nl
https://ds1.nl/c/?si=6140&li=1285440&wi=303581&ws=&dl=,succubus.nl
https://ds1.nl/c/?si=6266&li=1291124&wi=303581&ws=&dl=,vanoutlet.nl
https://ds1.nl/c/?si=6411&li=1319493&wi=303581&ws=&dl=,voordeeluitjes.nl
https://ds1.nl/c/?si=6419&li=1298009&wi=303581&ws=&dl=,meditel.nl
https://ds1.nl/c/?si=6581&li=1308381&wi=303581&ws=&dl=,123wonen.nl
https://ds1.nl/c/?si=6611&li=1309181&wi=303581&ws=&dl=,wunderlandkalkar.eu
https://ds1.nl/c/?si=6693&li=1312627&wi=303581&ws=&dl=,robinmobile.nl
https://ds1.nl/c/?si=6971&li=1322109&wi=303581&ws=&dl=,yoursminc.nl
https://ds1.nl/c/?si=7063&li=1327151&wi=303581&ws=&dl=,zorgtoeslag.nl
https://ds1.nl/c/?si=7067&li=1327305&wi=303581&ws=&dl=,hipinderegen.nl
https://ds1.nl/c/?si=7101&li=1329357&wi=303581&ws=&dl=,kwik-fit.nl
https://ds1.nl/c/?si=7115&li=1329789&wi=303581&ws=&dl=,dagtickets.nl
https://ds1.nl/c/?si=7157&li=1331247&wi=303581&ws=&dl=,kekkekids.nl
https://ds1.nl/c/?si=7248&li=1336066&wi=303581&ws=&dl=,brievenbusbloemen.nl
https://ds1.nl/c/?si=7268&li=1336888&wi=303581&ws=&dl=,carldenig.nl
https://ds1.nl/c/?si=7320&li=1341277&wi=303581&ws=&dl=,mijndomeinauto.nl
https://ds1.nl/c/?si=7369&li=1342939&wi=303581&ws=&dl=,huurtoeslag.nl
https://ds1.nl/c/?si=7401&li=1344059&wi=303581&ws=&dl=,vergelijkers.daisycon.com
https://ds1.nl/c/?si=7477&li=1350272&wi=303581&ws=&dl=,iparkingschiphol.eu
https://ds1.nl/c/?si=7499&li=1350821&wi=303581&ws=&dl=,hardloop-geest.nl
https://ds1.nl/c/?si=7562&li=1352504&wi=303581&ws=&dl=,oad.nl
https://ds1.nl/c/?si=7585&li=1353162&wi=303581&ws=&dl=,morres.nl
https://ds1.nl/c/?si=7605&li=1354137&wi=303581&ws=&dl=,fotodevakman.nl
https://ds1.nl/c/?si=7611&li=1354399&wi=303581&ws=&dl=,flapoorstickers.nl
https://ds1.nl/c/?si=7630&li=1354896&wi=303581&ws=&dl=,nl.aliexpress.com
https://ds1.nl/c/?si=7645&li=1355927&wi=303581&ws=&dl=,dx.com
https://ds1.nl/c/?si=7684&li=1357462&wi=303581&ws=&dl=,sandalenshop.nl
https://ds1.nl/c/?si=7705&li=1358519&wi=303581&ws=&dl=,zorgthuiswinkel.nl
https://ds1.nl/c/?si=7839&li=1364843&wi=303581&ws=&dl=,voetbal-geest.nl
https://ds1.nl/c/?si=7845&li=1365151&wi=303581&ws=&dl=,fitness-geest.nl
https://ds1.nl/c/?si=8137&li=1375033&wi=303581&ws=&dl=,usedpc4sale.nl
https://ds1.nl/c/?si=8191&li=1377583&wi=303581&ws=&dl=,goedkoopste-kantoorartikelen.nl
https://lt45.net/c/?si=8296&li=1382600&wi=303581&ws=&dl=,greenchoice.nl
https://ds1.nl/c/?si=8327&li=1383977&wi=303581&ws=&dl=,247autoverkopen.nl
https://ds1.nl/c/?si=8356&li=1385220&wi=303581&ws=&dl=,webshopvoorhonden.nl
https://ds1.nl/c/?si=8360&li=1385278&wi=303581&ws=&dl=,webshopvoorkatten.nl
https://ds1.nl/c/?si=8373&li=1386041&wi=303581&ws=&dl=,trk.thinkaction.com
https://ds1.nl/c/?si=8386&li=1386082&wi=303581&ws=&dl=,mysurvey.nl
https://ds1.nl/c/?si=8400&li=1386096&wi=303581&ws=&dl=,globaltestmarket.com
https://ds1.nl/c/?si=8413&li=1386231&wi=303581&ws=&dl=,rec-eu.i-say.com
https://ds1.nl/c/?si=8433&li=1386297&wi=303581&ws=&dl=,opinieland.nl
https://ds1.nl/c/?si=8473&li=1388527&wi=303581&ws=&dl=,laptops4all.nl
https://ds1.nl/c/?si=8485&li=1389201&wi=303581&ws=&dl=,sportiek.com
https://ds1.nl/c/?si=8501&li=1389987&wi=303581&ws=&dl=,licentie2go.nl
https://ds1.nl/c/?si=8552&li=1391804&wi=303581&ws=&dl=,huisdierzaak.nl
https://ds1.nl/c/?si=8567&li=1391913&wi=303581&ws=&dl=,6deals.nl
https://ds1.nl/c/?si=8589&li=1393045&wi=303581&ws=&dl=,online-voordeelacties.nl
https://dt51.net/c/?si=8783&li=1401943&wi=303581&ws=&dl=,samsam.samr.nl
https://dt51.net/c/?si=8915&li=1409639&wi=303581&ws=&dl=,blueprinteyewear.com
https://dt51.net/c/?si=9075&li=1414365&wi=303581&ws=&dl=,woononline.nl
https://dt51.net/c/?si=9081&li=1414609&wi=303581&ws=&dl=,shopndrop.nl
https://dt51.net/c/?si=9183&li=1416027&wi=303581&ws=&dl=,ikwilvanmijnautoaf.nl
https://dt51.net/c/?si=9312&li=1420934&wi=303581&ws=&dl=,geeektech.com
https://dt51.net/c/?si=9519&li=1427615&wi=303581&ws=&dl=,50liefde.nl
https://dt51.net/c/?si=9538&li=1429264&wi=303581&ws=&dl=,websa.nl
https://dt51.net/c/?si=9586&li=1431360&wi=303581&ws=&dl=,gsmweb.nl
https://dt51.net/c/?si=9698&li=1434632&wi=303581&ws=&dl=,sierbetononline.nl
https://dt51.net/c/?si=9707&li=1434767&wi=303581&ws=&dl=,toysforjoy.nl
https://ds1.nl/c/?si=9711&li=1434953&wi=303581&ws=&dl=,remarkt.nl
https://dt51.net/c/?si=9803&li=1438619&wi=303581&ws=&dl=,alltours.nl
https://dt51.net/c/?si=9806&li=1439082&wi=303581&ws=&dl=,d-reizen.nl
https://at19.net/c/?si=9880&li=1442252&wi=303581&ws=&dl=,abcarrental.com
https://at19.net/c/?si=9903&li=1442863&wi=303581&ws=&dl=,wintersport-store.com
https://at19.net/c/?si=9913&li=1443187&wi=303581&ws=&dl=,maxguitarstore.com
https://at19.net/c/?si=9983&li=1446149&wi=303581&ws=&dl=,drogisterijplus.nl
https://at19.net/c/?si=10051&li=1448035&wi=303581&ws=&dl=,kesvisum.nl
https://at19.net/c/?si=10087&li=1449139&wi=303581&ws=&dl=,probeernu.nl
https://lt45.net/c/?si=10319&li=1457089&wi=303581&ws=&dl=,shop4nl.com
https://lt45.net/c/?si=10349&li=1457317&wi=303581&ws=&dl=,comforttrends.nl
https://lt45.net/c/?si=10434&li=1461588&wi=303581&ws=&dl=,gezondmarkt.nl
https://lt45.net/c/?si=10438&li=1461592&wi=303581&ws=&dl=,pranayur.nl
https://lt45.net/c/?si=10450&li=1462112&wi=303581&ws=&dl=,sniztop.nl
https://ds1.nl/c/?si=10456&li=1462310&wi=303581&ws=&dl=,sloffen-specialist.nl
https://lt45.net/c/?si=10614&li=1468698&wi=303581&ws=&dl=,autovendi.nl
https://lt45.net/c/?si=10624&li=1469334&wi=303581&ws=&dl=,hbb24.nl
https://lt45.net/c/?si=10630&li=1469982&wi=303581&ws=&dl=,denksport.nl
https://ds1.nl/c/?si=10636&li=1470952&wi=303581&ws=&dl=,gsmsale.nl
https://lt45.net/c/?si=10710&li=1475166&wi=303581&ws=&dl=,panelclix.com
https://lt45.net/c/?si=10746&li=1477008&wi=303581&ws=&dl=,grotekadoshop.nl
https://lt45.net/c/?si=10764&li=1477952&wi=303581&ws=&dl=,cruisereizen.nl
https://lt45.net/c/?si=10776&li=1478544&wi=303581&ws=&dl=,ockyz.com
https://lt45.net/c/?si=10818&li=1484052&wi=303581&ws=&dl=,floowtravel.nl
https://lt45.net/c/?si=10820&li=1484092&wi=303581&ws=&dl=,estivant.nl
https://lt45.net/c/?si=10846&li=1485388&wi=303581&ws=&dl=,kinq.nl
https://ds1.nl/c/?si=10920&li=1487870&wi=303581&ws=&dl=,wytegearre.nl
https://lt45.net/c/?si=11082&li=1492390&wi=303581&ws=&dl=,feenstra.com
https://lt45.net/c/?si=11092&li=1492826&wi=303581&ws=&dl=,ikwilzitzakken.nl
https://lt45.net/c/?si=11098&li=1492844&wi=303581&ws=&dl=,gaborstore.nl
https://ds1.nl/c/?si=11122&li=1493506&wi=303581&ws=&dl=,nle.nl
https://lt45.net/c/?si=11126&li=1493530&wi=303581&ws=&dl=,bungalow.net
https://lt45.net/c/?si=11132&li=1493630&wi=303581&ws=&dl=,dierplagenshop.nl
https://lt45.net/c/?si=11136&li=1493788&wi=303581&ws=&dl=,spaonline.com
https://lt45.net/c/?si=11150&li=1494536&wi=303581&ws=&dl=,kantoormeubelenplus.nl
https://lt45.net/c/?si=11172&li=1495780&wi=303581&ws=&dl=,tix.nl
https://lt45.net/c/?si=11198&li=1497174&wi=303581&ws=&dl=,vitamineman.nl
https://lt45.net/c/?si=11208&li=1497656&wi=303581&ws=&dl=,ditverzinjeniet.nl
https://lt45.net/c/?si=11222&li=1497968&wi=303581&ws=&dl=,ditverzinjeniet.be
https://lt45.net/c/?si=11252&li=1498772&wi=303581&ws=&dl=,kidsgigant.nl
https://lt45.net/c/?si=11278&li=1500062&wi=303581&ws=&dl=,mobieltekoop.nl
https://dt51.net/c/?si=11312&li=1502176&wi=303581&ws=&dl=,ikwilvanmijnmotorfietsaf.nl
https://lt45.net/c/?si=11314&li=1502196&wi=303581&ws=&dl=,huurstunt.nl
https://lt45.net/c/?si=11316&li=1502198&wi=303581&ws=&dl=,kamerstunt.nl
https://lt45.net/c/?si=11354&li=1502802&wi=303581&ws=&dl=,timefortrends.nl
https://lt45.net/c/?si=11364&li=1502886&wi=303581&ws=&dl=,hbcare.nl
https://lt45.net/c/?si=11422&li=1504736&wi=303581&ws=&dl=,autobench.nl
https://lt45.net/c/?si=11424&li=1504738&wi=303581&ws=&dl=,puppyren.nl
https://lt45.net/c/?si=11426&li=1504740&wi=303581&ws=&dl=,verrekijkerdirect.nl
https://lt45.net/c/?si=11428&li=1504742&wi=303581&ws=&dl=,reisbench.nl
https://lt45.net/c/?si=11450&li=1505980&wi=303581&ws=&dl=,gratisuitgifte.nl
https://lt45.net/c/?si=11454&li=1506022&wi=303581&ws=&dl=,erovibes.nl
https://dt51.net/c/?si=11512&li=1511600&wi=303581&ws=&dl=,d-deals.nl
https://lt45.net/c/?si=11518&li=1511694&wi=303581&ws=&dl=,home8-alarm.nl
https://lt45.net/c/?si=11520&li=1511696&wi=303581&ws=&dl=,epine.nl
https://lt45.net/c/?si=11552&li=1512988&wi=303581&ws=&dl=,designbrands.nl
https://lt45.net/c/?si=11610&li=1515538&wi=303581&ws=&dl=,hoiveluwe.nl
https://lt45.net/c/?si=11622&li=1516134&wi=303581&ws=&dl=,msfinanciallease.nl
https://lt45.net/c/?si=11666&li=1517924&wi=303581&ws=&dl=,freddelabretoniere.com
https://lt45.net/c/?si=11668&li=1517928&wi=303581&ws=&dl=,shabbiesamsterdam.com
https://lt45.net/c/?si=11670&li=1518152&wi=303581&ws=&dl=,co88collection.nl
https://lt45.net/c/?si=11702&li=1518854&wi=303581&ws=&dl=,abonnement.topgear.nl
https://lt45.net/c/?si=11708&li=1519074&wi=303581&ws=&dl=,vitaminecompleet.nl
https://lt45.net/c/?si=11792&li=1521696&wi=303581&ws=&dl=,droomidee.nl
https://lt45.net/c/?si=11794&li=1521752&wi=303581&ws=&dl=,avs4you.com
https://lt45.net/c/?si=11806&li=1522026&wi=303581&ws=&dl=,sepagreen.energieaanvragen.net
https://lt45.net/c/?si=11842&li=1523340&wi=303581&ws=&dl=,meubis.be
https://lt45.net/c/?si=11852&li=1523584&wi=303581&ws=&dl=,vanarendonk.nl
https://lt45.net/c/?si=11882&li=1525046&wi=303581&ws=&dl=,m2trading.com
https://lt45.net/c/?si=11908&li=1526066&wi=303581&ws=&dl=,fotokonijnenberg.nl
https://lt45.net/c/?si=11916&li=1526166&wi=303581&ws=&dl=,cvketelvoordeel.nl
https://lt45.net/c/?si=11918&li=1526258&wi=303581&ws=&dl=,cewe.nl
https://lt45.net/c/?si=11934&li=1526882&wi=303581&ws=&dl=,mycooks.nl
https://lt45.net/c/?si=11970&li=1527698&wi=303581&ws=&dl=,historia.mijntijdschrift.net
https://lt45.net/c/?si=11972&li=1527700&wi=303581&ws=&dl=,wib.mijntijdschrift.net
https://ds1.nl/c/?si=11988&li=1528138&wi=303581&ws=&dl=,oadbus.nl
https://lt45.net/c/?si=12006&li=1529050&wi=303581&ws=&dl=,holidaysuites.be
https://lt45.net/c/?si=12024&li=1529642&wi=303581&ws=&dl=,legalparrot.nl
https://lt45.net/c/?si=12052&li=1530582&wi=303581&ws=&dl=,pricestunter.nl
https://lt45.net/c/?si=12082&li=1532796&wi=303581&ws=&dl=,wijkopenautos.nl
https://lt45.net/c/?si=12098&li=1533236&wi=303581&ws=&dl=,bungalows.nl
https://lt45.net/c/?si=12168&li=1536530&wi=303581&ws=&dl=,fietsparadijs.com
https://lt45.net/c/?si=12178&li=1536568&wi=303581&ws=&dl=,montel.nl
https://lt45.net/c/?si=12210&li=1537390&wi=303581&ws=&dl=,shoefresh.eu
https://lt45.net/c/?si=12226&li=1537778&wi=303581&ws=&dl=,living.mijntijdschrift.net
https://lt45.net/c/?si=12228&li=1537780&wi=303581&ws=&dl=,paleo.mijntijdschrift.net
https://lt45.net/c/?si=12230&li=1537874&wi=303581&ws=&dl=,eindelijkglasvezel.nl
https://lt45.net/c/?si=12238&li=1537968&wi=303581&ws=&dl=,duosleep.nl
https://lt45.net/c/?si=12240&li=1538198&wi=303581&ws=&dl=,topgear.nl
https://lt45.net/c/?si=12276&li=1540242&wi=303581&ws=&dl=,makrokerstpakketten.nl
https://ds1.nl/c/?si=12318&li=1541530&wi=303581&ws=&dl=,fitwinkel.nl
https://lt45.net/c/?si=12380&li=1543628&wi=303581&ws=&dl=,booqees.nl
https://lt45.net/c/?si=12382&li=1543718&wi=303581&ws=&dl=,beet.mijntijdschrift.net
https://lt45.net/c/?si=12384&li=1543720&wi=303581&ws=&dl=,karper.mijntijdschrift.net
https://lt45.net/c/?si=12390&li=1543886&wi=303581&ws=&dl=,play-start.com
https://lt45.net/c/?si=12440&li=1545396&wi=303581&ws=&dl=,gamesdeal.com
https://lt45.net/c/?si=12442&li=1545402&wi=303581&ws=&dl=,maxenluna.nl
https://lt45.net/c/?si=12504&li=1548166&wi=303581&ws=&dl=,oppasland.nl
https://lt45.net/c/?si=12534&li=1548986&wi=303581&ws=&dl=,landidee.mijntijdschrift.net
https://lt45.net/c/?si=12536&li=1548992&wi=303581&ws=&dl=,tuin.mijntijdschrift.net
https://lt45.net/c/?si=12540&li=1549068&wi=303581&ws=&dl=,tuinoptafel.mijntijdschrift.net
https://lt45.net/c/?si=12544&li=1549128&wi=303581&ws=&dl=,hvd.mijntijdschrift.net
https://lt45.net/c/?si=12562&li=1549416&wi=303581&ws=&dl=,morethanhip.nl
https://lt45.net/c/?si=12582&li=1550186&wi=303581&ws=&dl=,slagbijchatham.nl
https://lt45.net/c/?si=12588&li=1550346&wi=303581&ws=&dl=,kijoo.nl
https://lt45.net/c/?si=12604&li=1550574&wi=303581&ws=&dl=,startselect.com
https://lt45.net/c/?si=12634&li=1551452&wi=303581&ws=&dl=,duiken.mijntijdschrift.net
https://lt45.net/c/?si=12650&li=1551926&wi=303581&ws=&dl=,apotheekenhuid.nl
https://lt45.net/c/?si=12660&li=1552090&wi=303581&ws=&dl=,shopcore.nl
https://lt45.net/c/?si=12682&li=1552430&wi=303581&ws=&dl=,kompashosting.nl
https://ds1.nl/c/?si=12688&li=1552454&wi=303581&ws=&dl=,vergelijkers.daisycon.com
https://lt45.net/c/?si=12722&li=1555518&wi=303581&ws=&dl=,stuntpakker.nl
https://lt45.net/c/?si=12730&li=1556006&wi=303581&ws=&dl=,opposuits.nl
https://lt45.net/c/?si=12734&li=1556736&wi=303581&ws=&dl=,store.ubi.com
https://lt45.net/c/?si=12772&li=1558676&wi=303581&ws=&dl=,greenwatch.nl
https://lt45.net/c/?si=12810&li=1561444&wi=303581&ws=&dl=,zaful.com
https://lt45.net/c/?si=12835&li=1565250&wi=303581&ws=&dl=,volumerate.com
https://lt45.net/c/?si=12843&li=1565444&wi=303581&ws=&dl=,avh-outdoor.nl
https://lt45.net/c/?si=12849&li=1565865&wi=303581&ws=&dl=,oneplanetcrowd.com
https://lt45.net/c/?si=12855&li=1566080&wi=303581&ws=&dl=,jakosportkleding.nl
https://lt45.net/c/?si=12874&li=1566882&wi=303581&ws=&dl=,fnl.nl
https://lt45.net/c/?si=12877&li=1567022&wi=303581&ws=&dl=,maascomputers.nl
https://lt45.net/c/?si=12880&li=1567064&wi=303581&ws=&dl=,dailywatchclub.nl
https://lt45.net/c/?si=12905&li=1568026&wi=303581&ws=&dl=,vavaonderzoek.nl
https://lt45.net/c/?si=12906&li=1568027&wi=303581&ws=&dl=,cashze.nl
https://lt45.net/c/?si=12910&li=1568169&wi=303581&ws=&dl=,summertoys.nl
https://lt45.net/c/?si=12913&li=1568401&wi=303581&ws=&dl=,tijdschrift.nl
https://lt45.net/c/?si=12914&li=1568535&wi=303581&ws=&dl=,logistiekconcurrent.nl
https://lt45.net/c/?si=12921&li=1569280&wi=303581&ws=&dl=,goedgemerkt.nl
https://lt45.net/c/?si=12932&li=1570141&wi=303581&ws=&dl=,designonline24.be
https://lt45.net/c/?si=12933&li=1570313&wi=303581&ws=&dl=,acculaders.nl
https://lt45.net/c/?si=12934&li=1570314&wi=303581&ws=&dl=,fietstas.com
https://lt45.net/c/?si=12963&li=1571789&wi=303581&ws=&dl=,bladcadeau.n
https://lt45.net/c/?si=12988&li=1572481&wi=303581&ws=&dl=,marleyspoon.nl
https://lt45.net/c/?si=12997&li=1572685&wi=303581&ws=&dl=,intenswonen.nl
https://lt45.net/c/?si=13011&li=1573177&wi=303581&ws=&dl=,albeka.nl
https://lt45.net/c/?si=13030&li=1573595&wi=303581&ws=&dl=,123opzeggen.nl
https://lt45.net/c/?si=13043&li=1574088&wi=303581&ws=&dl=,lalashops.nl
https://lt45.net/c/?si=13048&li=1574297&wi=303581&ws=&dl=,webwinkel.ad.nl
https://lt45.net/c/?si=13049&li=1574298&wi=303581&ws=&dl=,webwinkel.bd.nl
https://lt45.net/c/?si=13050&li=1574299&wi=303581&ws=&dl=,webwinkel.ed.nl
https://lt45.net/c/?si=13051&li=1574300&wi=303581&ws=&dl=,webwinkel.bndestem.nl
https://lt45.net/c/?si=13052&li=1574301&wi=303581&ws=&dl=,webwinkel.pzc.nl
https://lt45.net/c/?si=13053&li=1574302&wi=303581&ws=&dl=,webwinkel.gelderlander.nl
https://lt45.net/c/?si=13054&li=1574303&wi=303581&ws=&dl=,webwinkel.tubantia.nl
https://lt45.net/c/?si=13055&li=1574304&wi=303581&ws=&dl=,webwinkel.destentor.nl
https://lt45.net/c/?si=13058&li=1574504&wi=303581&ws=&dl=,offerte.nl
https://lt45.net/c/?si=13059&li=1574505&wi=303581&ws=&dl=,well-fair.nl
https://lt45.net/c/?si=13064&li=1574622&wi=303581&ws=&dl=,antrekk.nl
https://lt45.net/c/?si=13066&li=1574630&wi=303581&ws=&dl=,freewear.nl
https://lt45.net/c/?si=13067&li=1574676&wi=303581&ws=&dl=,secretrooms.nl
https://ds1.nl/c/?si=13076&li=1575123&wi=303581&ws=&dl=,topoutdoorshop.nl
https://lt45.net/c/?si=13077&li=1575138&wi=303581&ws=&dl=,gfkpanel.nl
https://lt45.net/c/?si=13078&li=1575151&wi=303581&ws=&dl=,geniusclass.eu
https://lt45.net/c/?si=13079&li=1575191&wi=303581&ws=&dl=,ipadspullekes.nl
https://lt45.net/c/?si=13085&li=1575543&wi=303581&ws=&dl=,probeernu.nl
https://lt45.net/c/?si=13087&li=1575585&wi=303581&ws=&dl=,legalmatters.com
https://lt45.net/c/?si=13091&li=1575784&wi=303581&ws=&dl=,byfit.nl
https://lt45.net/c/?si=13096&li=1575925&wi=303581&ws=&dl=,icocryptex.io
https://lt45.net/c/?si=13100&li=1576117&wi=303581&ws=&dl=,alfredogonzales.com
https://lt45.net/c/?si=13101&li=1576156&wi=303581&ws=&dl=,nutritionmaniacs.com
https://lt45.net/c/?si=13106&li=1576627&wi=303581&ws=&dl=,donskussen.nl
https://lt45.net/c/?si=13117&li=1577109&wi=303581&ws=&dl=,bold-banana.nl
https://lt45.net/c/?si=13118&li=1577110&wi=303581&ws=&dl=,hetkleinsteloo.nl
https://lt45.net/c/?si=13121&li=1577252&wi=303581&ws=&dl=,scootmobielhulpdienst.nl
https://lt45.net/c/?si=13122&li=1577277&wi=303581&ws=&dl=,agu.com
https://dt51.net/c/?si=13125&li=1577381&wi=303581&ws=&dl=,jiggy.nl
https://at19.net/c/?si=13128&li=1577431&wi=303581&ws=&dl=,abonnement.veronicamagazine.nl
https://lt45.net/c/?si=13135&li=1577544&wi=303581&ws=&dl=,monteuraanhuis.nl
https://lt45.net/c/?si=13136&li=1577545&wi=303581&ws=&dl=,opposuits.be
https://lt45.net/c/?si=13137&li=1577546&wi=303581&ws=&dl=,goodiebox.nl
https://lt45.net/c/?si=13151&li=1577975&wi=303581&ws=&dl=,probeernu.nl
https://lt45.net/c/?si=13162&li=1578585&wi=303581&ws=&dl=,gereedschapdeal.com
https://lt45.net/c/?si=13163&li=1578586&wi=303581&ws=&dl=,autovoorkinderen.nl
https://lt45.net/c/?si=13174&li=1579023&wi=303581&ws=&dl=,haarcentrum.nl
https://lt45.net/c/?si=13175&li=1579044&wi=303581&ws=&dl=,lightsale.nl
https://lt45.net/c/?si=13183&li=1579292&wi=303581&ws=&dl=,debijlesmeester.nl
https://dt51.net/c/?si=13187&li=1579428&wi=303581&ws=&dl=,contentmods.com
https://ds1.nl/c/?si=13197&li=1579697&wi=303581&ws=&dl=,goedkoopste-kantoormeubilair.nl
https://lt45.net/c/?si=13199&li=1579700&wi=303581&ws=&dl=,mobrog.com
https://lt45.net/c/?si=13206&li=1579845&wi=303581&ws=&dl=,hempworx.nl
https://lt45.net/c/?si=13207&li=1579846&wi=303581&ws=&dl=,cbd-olie-shop.nl
https://lt45.net/c/?si=13208&li=1579979&wi=303581&ws=&dl=,icebluecbd.nl
https://lt45.net/c/?si=13213&li=1580069&wi=303581&ws=&dl=,opwaarderen.nl
https://lt45.net/c/?si=13214&li=1580070&wi=303581&ws=&dl=,spiru.nl
https://lt45.net/c/?si=13216&li=1580082&wi=303581&ws=&dl=,v-gan.mijntijdschrift.net
https://lt45.net/c/?si=13224&li=1580519&wi=303581&ws=&dl=,ixorg.nl
https://lt45.net/c/?si=13228&li=1580603&wi=303581&ws=&dl=,hetcosmeticahuis.nl
https://lt45.net/c/?si=13256&li=1581736&wi=303581&ws=&dl=,allyouplay.com
https://lt45.net/c/?si=13257&li=1581939&wi=303581&ws=&dl=,cinetree.nl
https://lt45.net/c/?si=13258&li=1581959&wi=303581&ws=&dl=,verisure.nl
https://lt45.net/c/?si=13270&li=1582438&wi=303581&ws=&dl=,nanoshi.com
https://lt45.net/c/?si=13274&li=1582623&wi=303581&ws=&dl=,birdwise.nl
https://lt45.net/c/?si=13287&li=1583575&wi=303581&ws=&dl=,stellafietsen.nl
